Mes,ID,Público,Nombre,Workflow,Link,Desempeño,Publicado,CLIENTES,Notas
8,AC08-1,USA,HVAC Vendedores 02,Enviado a MB,https://drive.google.com/file/d/1bxjseXvqxIZYypYjRPV7FoWXdgB26RHr/view?usp=drive_link,,No,Para buscar Vendedores,
8,AC08-2,Texas,General TX,Enviado a MB,https://drive.google.com/file/d/1nAg3CMhKgcBWz24-GhYpT3vw8ncg3ohY/view?usp=drive_link,,No,Cualquier región de TX,
8,AC08-3,USA,HVAC General 18,Enviado a MB,https://drive.google.com/file/d/1Jl7YbLPjNNjWKWrst5Wi3qeZKzlbEu1V/view?usp=drive_link,,No,Cualquier región de USA,
8,AC08-4,Texas,Mario Viejito-Houston TT,Enviado a MB,https://drive.google.com/file/d/1PnSe8u17p_KFqNvtrLL4BEk0X2vp2Tb7/view?usp=drive_link,,No,Clientes de Houston,
8,AC08-5,Texas,AIR REY Hombre 2 Dallas,Enviado a MB,https://drive.google.com/file/d/1JanF2Bulla4XgQQIUhf_XeSzeKwEwHfa/view?usp=drive_link,,No,AIR REY - DALLAS,
8,AC08-6,Texas,AIR-32 08,Enviado a MB,https://drive.google.com/file/d/18Y_o7mGPp6wYPPhqUatMP8XNazNCVknM/view?usp=drive_link,,No,AIR-32 - HOUSTON TX,
8,AC08-6.1,Texas,VAR. AIR-32 08,Enviado a MB,https://drive.google.com/file/d/1hAt3N9QUJg44nseI4tpYAJfjWW8LRyws/view?usp=drive_link,,No,AIR-32 - HOUSTON TX,
8,AC08-7,Texas,"General TX 02 ",Enviado a MB,https://drive.google.com/file/d/1zyhGYbBdjGAvoOoutp7JbUKUaZhJbbB1/view?usp=drive_link,,No,Cualquier región de TX,
8,AC08-8,Texas,STATE COOL 06,Enviado a MB,https://drive.google.com/file/d/1at0FOsOGs5p0jTpIv_gk_pi2KMwjIJFG/view?usp=drive_link,,No,STATE COOL - TX,
8,AC08-9,Texas,AIR-32 09,Enviado a MB,https://drive.google.com/file/d/1_Do2Xv7mADpNHzVooeS8tkoVtFyWcrsF/view?usp=drive_link,,No,AIR-32 - HOUSTON TX,
8,AC08-10,USA,Ingles General 01,Enviado a MB,https://drive.google.com/file/d/1Fxktkyjn8yYmjmQTgvBU_DwgWKqDF77n/view?usp=drivesdk,,No,Cualquier región de USA,
8,AC08-11,Texas,AIR REY TX 01,Enviado a MB,https://drive.google.com/file/d/1iOZgdoDE_Hb-RH3pIMjVRdyfNG7SYmAt/view?usp=drive_link,,No,AIR REY - TX,
8,AC08-12V,Texas,"General TX 03 ",VE- Revisión,https://drive.google.com/file/d/12G4VNBqswy7a2vLvCSLGZ_k63XmC8Ve2/view?usp=drive_link,,No,,VE : Vanesa
8,AC08-13V,Texas,AIR-32 REMAKE,VE- En Curso,https://drive.google.com/file/d/10KhgieMZo5rp5qzIVbnjczp0xoqF2UfX/view?usp=sharing,,No,,VE : Vanesa
8,AC08-14E,Texas,TX a la vanguardia 2.0,Enviado a MB,https://drive.google.com/file/d/1BgvUwuyrouQMfoS9vFJPBtaam7yZgLE6/view?usp=drive_link,,No,Cualquier región de TX,
8,AC08-15E,Texas,AIR REY TX 02,Enviado a MB,https://drive.google.com/file/d/11iFzL-aaujmSY6TAPXFWhjTovcI4V0rU/view?usp=drive_link,,No,AIR REY - TX,
8,AC08-16E,Texas,AIR-32 11,Enviado a MB,https://drive.google.com/file/d/14Bs3dQeVhCBjTlxiJLfnXRasHh2Ze0Cx/view?usp=drive_link,,No,AIR-32 - HOUSTON TX,
8,CA08-17E,USA,HVAC General 19,Enviado a MB,https://drive.google.com/file/d/1v_YWX4Sdp75xoX_8JLjw3uu7z4ox5QYJ/view?usp=drive_link,,No,Cualquier región de USA,
8,AC08-18V,Texas,AIR REY TX (LISTO PARA LA CALOR),VE- En Curso,https://drive.google.com/file/d/10PA-9jPrHLdL3n6dzTZihyEFHaT6GaO1/view?usp=sharing,,No,,
8,CA08-19V,Texas,AIR 32 TEMA NOTICIAS,VE- En Curso,https://drive.google.com/file/d/10JCYEvvIVhFDeTnefVEw0NomdtaUHrLO/view?usp=sharing,,No,,
8,CA08-20V,Texas,AIR-32 (NIÑOS DESIDRATADOS),VE- En Curso,https://drive.google.com/file/d/12ZTfC98oGEZxXT6mAPnjAqKirY4vO03S/view,,No,,
8,AC08-21V,Texas,AIR REY NO PIESES COMPRARLO,VE- En Curso,https://drive.google.com/file/d/1-pl0bZo0o4zLNuh210pN_QidEwRw9Mmh/view?usp=sharing,,No,,
8,AC08-22E,Texas,AIR-32 12,Enviado a MB,https://drive.google.com/drive/folders/1BPkps4ilTERQwvjpiV6N4oXc1RUv3--q?usp=drive_link,,No,,
8,AC08-23E,Texas,AIR REY Dallas 01,Enviado a MB,https://drive.google.com/file/d/1CTsuMks4wU2GEgPeoRq3FSB4ZkObkdHE/view?usp=drive_link,,No,,
8,AC08-24E,Texas,Alerta Houston,Enviado a MB,https://drive.google.com/file/d/1yp2OBUnkMi1lYcw2bLAzAssAkQBRsCCr/view?usp=drive_link,,No,,
8,AC08-25V,USA,MY MOM,VE- Revisión,https://drive.google.com/file/d/125pvHl9unOr9okExG2HkCTRl1L5b86Ba/view?usp=sharing,,No,,
8,AC08-26E,Texas,AIR REY Houston 01,Enviado a MB,https://drive.google.com/file/d/1EEoTnnE_zzBKVh4myPB5M_oOx2-vlrq_/view?usp=drive_link,,No,,
8,AC08-27E,USA,HVAC General 20,Enviado a MB,https://drive.google.com/file/d/1-9QBL3terjYp7xGIsQigoEM76nHWT4SQ/view?usp=drive_link,,No,,
8,AC08-28V,Texas,AIR REY AJUSTAR EL TERMOSTATO,VE- Revisión,https://drive.google.com/file/d/12NYd-A7e0cOODK_YpKR6pA956pzo5TbV/view?usp=sharing,,No,,
8,AC08-29V,USA,CAMBIAR TU HVAC?,VE- Revisión,https://drive.google.com/file/d/12yn6-4_4txCLVeJ3yUr6jOc3PDnrrKKO/view?usp=sharing,,No,,
8,AC08-3E,Texas,AIR-32 13,Enviado a MB,https://drive.google.com/file/d/1xBpKAViN8ehTypUzuRX-ivaK0fsJXhNz/view?usp=drive_link,,No,,
8,AC08-31V,USA,TOP 3 BENEFICIOS GENERAL,VE- Revisión,https://drive.google.com/file/d/12nPt9ePO6NfOX9iuULszDLRonCFtxZu_/view?usp=sharing,,No,,
8,AC08-32V,Texas,DESAFIO DEL CALOR,CW- En Curso,https://drive.google.com/file/d/1e5zXMboNwqSut1YmE5M3eZvtlcpAb_Lu/view?usp=sharing,,No,,
8,AC08-33V,Texas,CHICA 2  MEJOR NEGOCIO AIR 32,VE- Revisión,https://drive.google.com/file/d/14ngWJqZyrXdi_wMwtcUdm8WWasuV9lAu/view?usp=sharing,,No,,
8,AC08-34V,USA,NO ENGAÑO,VE- Revisión,https://drive.google.com/file/d/13YXvYUiwKY4NnqjQeBXGarQ1z5nDxy6T/view?usp=sharing,,No,,
8,AC08-35E,Texas,AIR-32 13 - Chica 2,Enviado a MB,https://drive.google.com/file/d/1xU9S3tu7akMLAekmX_ws0ubx4wUg2win/view?usp=drive_link,,No,,
8,AC08-36E,Texas,AIR REY TX 03 - Chica 1,Enviado a MB,https://drive.google.com/file/d/1vCSrmRR2Zjs1PA1UAkksURN9XKCO8v5q/view?usp=drive_link,,No,,
8,AC08-37V,Texas,"ESTRES POR CALOR AIR REY ",VE- Revisión,https://drive.google.com/file/d/14Ckx98v-HbbqG7Sl4of07F_jw6cot-qb/view?usp=sharing,,No,,
8,AC08-38V,USA,GENERAL SUEÑO,VE- Revisión,https://drive.google.com/file/d/14DmaeyYJHka7YvSyflA6qj2ve3XLKru5/view?usp=sharing,,No,,
8,AC08-39E,Texas,AIR-32 14,Enviado a MB,https://drive.google.com/file/d/1OemINm8kzaN8hwU8LTWWekn9Wg_vTnS2/view?usp=drive_link,,No,,
8,AC08-40E,Texas,AIR-32 15,Enviado a MB,https://drive.google.com/file/d/1p6oItYbzV92fpPwiPGb3HaTufU6yiysG/view?usp=drive_link,,No,,
8,AC08-41E,Texas,STATE COOL 07,Enviado a MB,https://drive.google.com/file/d/1K6WSzo20MohwDx5JF0Zxc4BQEWL0azRP/view?usp=drive_link,,No,,
8,AC08-42V,USA,HVAC General 21,CW- En Pausa,https://drive.google.com/file/d/14WvUnzA90RX-ACvoD8VihLBwk7QYK0j2/view?usp=sharing,,No,,
8,ACO8-43V,Texas,AIR 32 ELIANA,VE- Recibido,https://drive.google.com/file/d/15QZIP2YXy_rvpqDnowBpS7QphjPdHM6O/view?usp=sharing,,No,,
8,CA08-44V,USA,"VENTANAS ",VE- Revisión,https://drive.google.com/file/d/14W_qB3osRXT4RMtvL5MBPQ-iEfhtYeiZ/view?usp=sharing,,No,,
8,AC08-45V,Florida,"NEXT LEVEL  CHICA 2 ",VE- Revisión,https://drive.google.com/file/d/14m_aMsBksy0DLaq5j0Ds4CVK3h-Xk-WB/view?usp=sharing,,No,,
8,AC08-46V,USA," GENERAL ELIANA",VE- Revisión,https://drive.google.com/file/d/14WvUnzA90RX-ACvoD8VihLBwk7QYK0j2/view?usp=sharing,,No,,
8,AC08-47E,Texas,GLOBAL AIR-RMK Alerta Houston,Enviado a MB,https://drive.google.com/file/d/16bw1U7Ei52iUvWt4ZBDFEo8bHySQETSK/view?usp=drive_link,,No,,
8,AC08-48E,Texas," GLOBAL AIR 06",Enviado a MB,https://drive.google.com/file/d/1rYt0pYHYzKLU_pqFJpZloCEr_eDvsvS2/view?usp=drive_link,,No,,
8,AC08-49E,Texas,AIR-32 16,Enviado a MB,https://drive.google.com/file/d/1t4Fe3P6Sfl4v_LYoUklz4KcAGuAXzb3C/view?usp=drive_link,,No,,
8,AC08-50V,Texas,AIR REY CAMBIOS,VE- Revisión,https://drive.google.com/file/d/16gw7d7ZpHHaYJryG-mgkaew9UekYm7Cm/view?usp=sharing,,No,,
8,AC08-51V,USA,GENERAL GRAN OPORTUNIDAD,VE- Revisión,https://drive.google.com/file/d/16bAWofjezqLZXcscxpMss-VF7pFS8gZ1/view?usp=sharing,,No,,
8,AC08-52E,USA,RMK General AC07-14,Enviado a MB,https://drive.google.com/file/d/1oATqf7s2s5DMTGUlRo28bwFAMk-gAeUn/view?usp=drive_link,,No,,
8,AC08-53E,Texas,RMK General TX AC06-9,Enviado a MB,https://drive.google.com/file/d/16F6ZmcoqqZ8kWOR22QFAT7BdC-RQTOqV/view?usp=drive_link,,No,,
8,AC08-54E,USA,Chica 2 General 01,Enviado a MB,https://drive.google.com/file/d/1S72GCL4zh4kiDSSM_rKxNmNBQ7pV5IsE/view?usp=drive_link,,No,,
8,AC08-55V,USA,GENERAL CHICA 1 ENTIDADES,VE- En Curso,https://drive.google.com/file/d/16P2xY3nOcO6VBAAqVOkkOgSCRdx_5W-j/view?usp=sharing,,No,,
8,CV08-1V,California," TECHOS Y VENTANAS ",VE- En Curso,https://drive.google.com/file/d/171rh4HPDT2wjqDFhpgzIMzdg7dfnExS5/view,,No,,
8,AC08-57E,USA,RMK AC06-9 Versión 1:1,Enviado a MB,https://drive.google.com/file/d/1ceGNi_e7X-MmY1khrqmND6WhV-KBWU9_/view?usp=drive_link,,No,,
8,AC08-58E,USA,RMK CA08-5 Versión 1:1,Enviado a MB,https://drive.google.com/file/d/1KH1LHfkuZEYzpfm2w9j8fUFoiybbNx-x/view?usp=drive_link,,No,,
8,CV08-2V,California,TECHOS Y VENTANAS SE CAE,VE- Recibido,https://drive.google.com/file/d/16zJutaDbjh2xDdvdNqwaU_QLKoBvizDa/view?usp=sharing,,No,,
8,AC08-60V,USA,"GENERAL COCO ",VE- Re-edición,https://drive.google.com/file/d/1KkZMIHl7JfN0m9Vl7Z7lm42eli0pzAqp/view?usp=sharing,,No,,
8,AC08-61E,USA,NEXT LEVEL Chica 2,Enviado a MB,https://drive.google.com/file/d/1wTkmzW0qBLpuaXwI4U8YRjlocN7Y464D/view?usp=drive_link,,No,,
8,AC08-62E,USA,HVAC General 21,Enviado a MB,https://drive.google.com/file/d/15CgV-CTccBzo3dyVOBjvHSR7ns_SzaED/view?usp=drive_link,,No,,
8,AC08-63V,Texas,AIR 32 DOBLE PANTALLA,VE- Revisión,https://drive.google.com/file/d/18-S4kpTTARv-iww7hYnKpIMGAcRJZJ6y/view?usp=sharing,,No,,
8,AC08-64V,Texas,AIR REY FONDO NOTICIAS,VE- Revisión,https://drive.google.com/file/d/17suriKT9lb_YyUdiKC6WLDAdWqdS6_No/view?usp=sharing,,No,,
8,AC08-65E,Texas,STATE COOL TX 01,Enviado a MB,https://drive.google.com/file/d/1dnHe5mRyrqwFelKFOJpZqFieh_pNjFE7/view?usp=drive_link,,No,,
8,AC08-66E,Florida,BETTER AIR 01,Enviado a MB,https://drive.google.com/file/d/1JX106LUzQqUD4exTkFCZU96him8J1Zsq/view?usp=drive_link,,No,,
8,AC08-67V,Texas,"AIR REY REMAKE CA08-47E ",VE- Revisión,https://drive.google.com/file/d/182xCfTRlwigklJa6e54NqJC0JMimJqs7/view?usp=sharing,,No,,
8,AC08-68V,Texas,"AIR REY ADAPTACION ",VE- Revisión,https://drive.google.com/file/d/182XALWGFyGqriEZb7S6V-XGUhZ-pbu2X/view?usp=sharing,,No,,
8,AC08-69V,Florida,BETTER AIR 100 GRADOS,VE- Revisión,https://drive.google.com/file/d/11ag0rns4gKMsNQzh8E5QO-utshJ6231p/view?usp=sharing,,No,,
8,AC08-70E,USA,Refrigerante Dañino - General,Enviado a MB,https://drive.google.com/file/d/19-xBMy1iImt-NZyhzYCGlQrBw7T01w54/view?usp=drive_link,,No,,
8,AC08-71V,Texas,GLOBAL AIR R22,VE- Revisión,https://drive.google.com/file/d/18wqx4gIrrIa5EkJJzKLW82eP_-KMfMUv/view?usp=sharing,,No,,
8,AC08-72E,Texas,AIR-32 17,Enviado a MB,https://drive.google.com/file/d/1ll9Bk2XnrE6-Cwx409AB84ylXK9-RU8I/view?usp=drive_link,,No,,
8,AC08-73E,Texas," GLOBAL AIR 07",Enviado a MB,https://drive.google.com/file/d/1k7T4wvmZguUpj_TS-EnpOSwj74XP4yHt/view?usp=drive_link,,No,,
8,AC08-74E,USA,HVAC General 22,Enviado a MB,https://drive.google.com/file/d/1hTl1uywBP102m2XWjPug5BKQDKChM3mY/view?usp=drive_link,,No,,
8,AC08-75V,Florida,BETTER AIR ECOSISTEMA,VE- Revisión,https://drive.google.com/file/d/19IdBkGHJ6PPwS14XpnHlbvjptZyX6rU5/view?usp=sharing,,No,,
8,AC08-76E,Florida,BETTER AIR 02 (Colorado),Enviado a MB,https://drive.google.com/file/d/128YszQxfOrTYRqTq0Hfjkd-G2orjmBdC/view?usp=drive_link,,No,,
8,AC08-77E,Texas,AIR-32 18,Enviado a MB,https://drive.google.com/file/d/1IGSsQOwejv0VhkfIF0IqSPQG58AM-Krp/view?usp=drive_link,,No,,
8,AC08-78V,USA,GENERAL NUEVA TECNOLOGIA,VE- Revisión,https://drive.google.com/file/d/19kez7S3dKusOv8_Uz0RV6qlRhuII3Wzh/view?usp=sharing,,No,,
8,AC08-79E,Florida,HVAC Volt 07,Enviado a MB,https://drive.google.com/file/d/1MuUyIv2MUVfmyrbZgdCu-P8LQb698tRW/view?usp=drive_link,,No,,
8,AC08-80E,USA,Renueva tu aire General,Enviado a MB,https://drive.google.com/file/d/1Elgm4s2a1BMH4dJpL18DZFlCocAJb69X/view?usp=drive_link,,No,,
8,AC08-81V,USA,GENERAL EFICIENTE,VE- Revisión,https://drive.google.com/file/d/1Aa7kb2ZfTPNeEW2zR_vExIKB_wnf7E77/view?usp=sharing,,No,,
8,AC08-82V,Texas,"AIR REY 2025 ",VE- Revisión,https://drive.google.com/file/d/1A_09kHiSQKm73hDPygY4RCezQS6ITTum/view?usp=sharing,,No,,
8,AC08-83E,USA,HVAC Instaladores 01,Enviado a MB,https://drive.google.com/drive/folders/1_DZsz-wLGiQAqVFEDomipFKGHJpDhifX?usp=drive_link,,No,,
8,AC08-84E,USA,REMAKE 06-9 General,Enviado a MB,https://drive.google.com/file/d/1waH2SOEtK59-pV7jNVFMJroUNM0keCG7/view?usp=drive_link,,No,,
8,AC08-85V,Texas,AIR 32 SABER ELEGUIR,VE- Revisión,https://drive.google.com/file/d/1BpESGjZ-QEBF8LVnqYhqfLYUZeXXcKDh/view?usp=sharing,,No,,
8,,,,,,,No,,
9,AC09-4V,Texas,"AIR 32 LLUVIAS, HUMEDAD",VE- En Curso,https://drive.google.com/file/d/1CE7kTUeA_WW2FWTJEZ0NXzzpnNBtwnEX/view?usp=sharing,,No,,
4,AC04-1,Florida,Volt HVAC 1,VE- Revisión,https://drive.google.com/file/d/19DfDcTAEdDZjRtNGfqIY8Fye45LY6LE5/view?usp=sharing,Trajo Cierres,Yes,Aire Acondicionado,
4,AC04-2,Florida,Volt HVAC 2,VE- Revisión,https://drive.google.com/drive/folders/1HImGQyJt5FSyAe5XaahINZsZFv2s8BzL?usp=drive_link,Trajo Cierres,Yes,Aire Acondicionado,
4,AC04-3,Florida,Volt HVAC 3,VE- Revisión,https://drive.google.com/drive/folders/1uaMmE3cw4x1CAdwKXN40jVR58heQjEog?usp=drive_link,Trajo Leads,Yes,Aire Acondicionado,
4,AC04-3,Florida,Volt HVAC 4 Stock,VE- Revisión,https://drive.google.com/file/d/1GS0pjVm0m7Tp_2C8F6BltUVmqcMgGNNd/view?usp=sharing,No funcionó,Yes,Aire Acondicionado,
4,RE04-1,Miami,Real Estate 1,VE- Revisión,https://drive.google.com/file/d/1EYIC_ADJd_JQhahm7jJscQYROYiCWAMW/view?usp=drive_link,,No,Real Estate,
4,RE04-2,Miami,Real Estate 2,VE- Revisión,https://drive.google.com/file/d/1nvFMG5heTR1nKmRhuIawz3vJ3sbr_Zyw/view?usp=drive_link,,No,Real Estate,
4,RE04-3,Miami,Imagen Real Estate 3,VE- Revisión,https://drive.google.com/file/d/1OiE94BFLoWNwKZSoEZXwtinjHfDzaAGa/view?usp=sharing,,No,Real Estate,
4,GA04-1,Miami,Grama Artificial 1,VE- Revisión,https://drive.google.com/file/d/1Vexw86g4EDUGAqxVbjtzildcTzGktUyS/view?usp=drive_link,Trajo Leads,Yes,Grama,
4,GA04-2,Miami,Grama Artificial 2,VE- Revisión,https://drive.google.com/file/d/10IrC8eZkaoYkvETSn-Djmv8dEIMjIjHm/view?usp=drive_link,Trajo Leads,Yes,Grama,
4,GA04-3,Miami,Grama Artificial 3,VE- Revisión,https://drive.google.com/file/d/1xHDvfx3kq3n2iE8Sdb8ld7Hva08jdAJ7/view?usp=drive_link,No funcionó,Yes,Grama,
4,AC04-4,Florida,Volt HVAC 4,VE- Revisión,https://drive.google.com/file/d/1p354kFL2sdwCuRvK_TCAHt6PiwUna5GL/view?usp=drive_link,Trajo Cierres,Yes,Aire Acondicionado,
4,AC04-5,Florida,Volt HVAC 5,VE- Revisión,https://drive.google.com/file/d/1t6NGr9GKLT1q_jbPTduTR0ABs0GHuckt/view?usp=drive_link,No funcionó,Yes,Aire Acondicionado,
4,,Miami,"Variaciones Real Estate ",VE- Revisión,https://drive.google.com/drive/folders/1Ceb_aE89jvbgrllCHsaD8NigdscGWvvf?usp=drive_link,,No,Real Estate,
4,AC04-6,Florida,Imagen Instaladores HVAC,VE- Revisión,https://drive.google.com/file/d/1mi7ghfN5gimxvQGwZAY3fGK76LTBCdJJ/view?usp=drive_link,,No,,
4,DAC04-1,USA,"Demo Instaladores HVAC ",VE- Revisión,https://drive.google.com/drive/folders/1rlGk9Z5wOV-0ylORrLTyqbXkAYwMI4y1?usp=drive_link,,No,,
4,AC04-7,Florida,Volt HVAC 6,VE- Revisión,https://drive.google.com/file/d/1vxgFEZ6xwq8DaD68v96wKzzf77ueYEZh/view?usp=drive_link,Trajo Leads,Yes,,
4,AC04-8,Florida,Volt HVAC 7,VE- Revisión,https://drive.google.com/file/d/1hScyrKFQRJLYqUOIL5uprXVUbIgRzreK/view?usp=drive_link,No funcionó,Yes,,
4,AC04-9,Florida,Volt HVAC 8,VE- Revisión,https://drive.google.com/file/d/14U2yf7rnjTymLtKVE82on7cETUKhvuBl/view?usp=drive_link,No funcionó,Yes,,
4,AC04-10,Florida,HVAC FL Central 1,VE- Revisión,https://drive.google.com/file/d/10z_DdDtQK3s4x0zTyTEcf2YEPKHbnGU2/view?usp=drive_link,No funcionó,Yes,,
5,AC05-1,Florida,"TOP 3 mejoras- HVAC FL ",Enviado a MB,https://drive.google.com/file/d/1hxkJKkqeOCLAIndOU080MWdpTuUE4qH_/view?usp=drive_link,No funcionó,Yes,,
5,AC05-2,Florida,"Mejores electrodomésticos - HVAC FL ",Enviado a MB,https://drive.google.com/file/d/1-2Qx3jbPVfBg_d_9s0zT9JkKPWrUl733/view?usp=drive_link,No funcionó,Yes,,
5,AC05-3,Florida,"Revisa Tu Aire - HVAC FL ",Enviado a MB,https://drive.google.com/file/d/1b058sSPCtrEItwoIGLGb8zjarJ8sNmUS/view?usp=drive_link,Trajo Leads,Yes,,
5,AC05-4,Florida,"Cambia tu aire - HVAC FL ",Enviado a MB,https://drive.google.com/file/d/1rb7Ov2T6jbsF-LuORBtMfLew4UdrKxNI/view?usp=drive_link,Trajo Leads,Yes,,
5,AC05-5,Florida,"El mejor negocio - HVAC FL ",Enviado a MB,https://drive.google.com/file/d/1QfkmQiCBUFG_m_QObz7QEaGVI6j6oK_N/view?usp=drive_link,Trajo Cierres,Yes,,
5,AC05-6,Florida,Energia eficiente,Enviado a MB,https://drive.google.com/file/d/1K2GxjFTR2sEDjo0jB-ox40MbABylMXHK/view?usp=drive_link,No funcionó,Yes,,
5,AC05-7,Florida,"Volt high ",Enviado a MB,https://drive.google.com/file/d/1wrJDvhYibHul5X7MuTP3FtCxOEThIzRm/view?usp=drive_link,Trajo Leads,Yes,,
5,AC05-8,Florida,Hogar Fresco y comodo,Enviado a MB,https://drive.google.com/file/d/10059KKdwI1v2iFX3wx2Yiws62PXrW37j/view?usp=drive_link,No funcionó,Yes,,
5,AC05-9,Florida,Cambia tu Aire - HVAC FL Central,Enviado a MB,https://drive.google.com/file/d/1t3o8NTfU4IHj4GSvu7aejZWWdbZJ-gHY/view?usp=drive_link,Trajo 1 lead,Yes,,
5,AC05-10,Florida,HVAC Ingles 1 (Volt),Enviado a MB,https://drive.google.com/file/d/1cLxw4NEckMpQCVMVSSzysdSHVx5-vD6O/view?usp=drive_link,,No,,
5,AC05-11,Florida,HVAC Ingles 2 (Volt),Enviado a MB,https://drive.google.com/file/d/1L-8gXshWlEQ_2kEVYMmfbWzbmWxCmBYF/view?usp=drive_link,,No,,
5,AC05-12,Florida,HVAC Volt High 1,Enviado a MB,https://drive.google.com/file/d/1P7pfyYo2u-phmv0ZZOzPdIda15TllZ1s/view?usp=drive_link,No funcionó,Yes,,
5,AC05-13,Florida,HVAC Volt Low 1,Enviado a MB,https://drive.google.com/file/d/1NwJ7LDHCem2nSzwA59mhC0jIGduhRZw7/view?usp=drive_link,Trajo Leads,Yes,,
5,AC05-10.1,Florida,VAR. HVAC Ingles 1 (Volt),Enviado a MB,https://drive.google.com/file/d/1_ujIe7AZX0z2WWwRrTIWtlBay2S7S97g/view?usp=drive_link,,No,,
5,AC05-14,Florida,Mejores Precios HVAC Low,Enviado a MB,https://drive.google.com/file/d/1KroONzZ12uNWYWpM2s5K3TL7SPEpNM8D/view?usp=drive_link,Trajo Citas,Yes,,
5,AC05-15,Florida,Sabias que? HVAC FL Central,Enviado a MB,https://drive.google.com/file/d/1mA599a5UapW8zl7j6SccUbq3jbc-fCNh/view?usp=drive_link,Trajo Leads,Yes,,
5,AC05-16,Florida,HVAC Volt Low 2,Enviado a MB,https://drive.google.com/file/d/1UpRwdhBc8XzBAkC1OMfxE1vmmgsBd3b7/view?usp=drive_link,No funcionó,Yes,,
5,AC05-17,Florida,HVAC Volt $300,Enviado a MB,https://drive.google.com/file/d/1wpLYTpi4AAbFURUrbXEF-S1AvfFTImJF/view?usp=drive_link,Trajo 1 lead,Yes,,
5,AC05-18,California,HVAC 01 CA,Enviado a MB,https://drive.google.com/file/d/1ts6WoWnimA4qrZk1ReRk4zdk3P9LK8Nq/view?usp=drive_link,Trajo Citas,Yes,,
5,AC05-19,California,HVAC 02 CA,Enviado a MB,https://drive.google.com/file/d/1fP73xpdAuABKDDtG6OZgAgKOKvmo4EG8/view?usp=drive_link,Trajo Leads,Yes,,
5,AC05-20,California,HVAC 03 CA,Enviado a MB,https://drive.google.com/file/d/1QdawNVKA3WWtIaiVknm0OS03g5yhok5d/view?usp=drive_link,Trajo Citas,Yes,,
5,AC05-21,Florida,Record de temp. Volt HVAC FL,Enviado a MB,https://drive.google.com/file/d/1xzs4yhFwwntmxyf9P0bbeLYmEbMmOBE3/view?usp=drive_link,No funcionó,Yes,,
5,AC05-22,Florida,Si pagas mucho Volt HVAC FL,Enviado a MB,https://drive.google.com/file/d/1cn89IHMAE_KInSbQQkNGVSalDATH72AS/view?usp=drive_link,Trajo Leads,Yes,,
5,AC05-23,California,HVAC 04 CA,Enviado a MB,https://drive.google.com/file/d/1sLz8ldkY6UVm-t6_3xFCqGjKl1iD-RGI/view?usp=drive_link,No funcionó,Yes,,
5,AC05-24,USA,HVAC basado en 04-4,Enviado a MB,https://drive.google.com/file/d/1U8dyB5khtYny804WuMY7IMPINSm34Z_f/view?usp=drive_link,Trajo Leads,Yes,,
5,AC05-25,California,El mejor negocio,Enviado a MB,https://drive.google.com/file/d/1JfNBiJGm0VRuSmCMxWtlnTc1_2cGLHVk/view?usp=drive_link,Trajo Citas,Yes,,
5,AC05-26,Texas,Si vives en Houston HVAC,Enviado a MB,https://drive.google.com/file/d/1oSODUv5M5LvSVfN-iNxbQVgz-bkp0tE2/view?usp=drive_link,,No,,
5,AC05-26.1,Texas,Si vives en Dallas HVAC,Enviado a MB,https://drive.google.com/file/d/1L2soXy-AM7A5_EWw7IFkyOG0hvLAaMPH/view?usp=drive_link,,No,,
5,AC05-27,California,HVAC 05 CA,Enviado a MB,https://drive.google.com/file/d/1aJYAGMZSY-cIjmM92RtYJBkDGx-1kIxK/view?usp=drive_link,No funcionó,Yes,,
5,AC05-27.1,California,Var. HVAC 05 CA,Enviado a MB,https://drive.google.com/file/d/1-FBbMaBhYl-cTENX2AiBiMO3zl2tiGQI/view?usp=drive_link,Trajo Citas,Yes,,
5,AC05-28,USA,HVAC Mario - Vendedores,Enviado a MB,https://drive.google.com/file/d/1RycHlJ7fCyWScysUtawbOKaKMugbPFfL/view?usp=drive_link,No funcionó,Yes,,
5,AC05-29,USA,HVAC Podcast Mix,Enviado a MB,https://drive.google.com/file/d/1OywGmv7LsLQGKA3_HF9sH-t4ZWDnFAwq/view?usp=drive_link,,No,,
5,AC05-30,Florida,Pagos Fijos HVAC,Enviado a MB,https://drive.google.com/file/d/1npUvDi0FCuZv7st11AiYDDlPv0oaml5x/view?usp=drive_link,No funcionó,Yes,,
5,AC05-29.1,USA,Var. HVAC Podcast Mix,Enviado a MB,https://drive.google.com/file/d/13_ySzK5ZddaAFqv_Io1vOtltS85oGQPW/view?usp=drive_link,Trajo Citas,Yes,,
5,AC05-31,California,HVAC 06 CA,Enviado a MB,https://drive.google.com/file/d/1zFECgZLihH3RQfk6G2rqeU0q79T_-JQ_/view?usp=drive_link,,Yes,,
5,AC05-32,California,HVAC 07 CA,Enviado a MB,https://drive.google.com/file/d/122LKBXPbPR5X-aOc0p19fiatMa2pAQVp/view?usp=drive_link,,Yes,,
5,AC05-33,Florida,Es hora de cambiar Volt HVAC,Enviado a MB,https://drive.google.com/file/d/1NbE9km3T404GCPgvqy5MUsndKTi-voN_/view?usp=drive_link,No funcionó,Yes,,
5,AC05-31.1,California,Var. HVAC 06 CA,Enviado a MB,https://drive.google.com/file/d/1zxRWx22P8Ko1Fm0KVkAgPFzb_2Skbiyr/view?usp=drive_link,Trajo Leads,Yes,,
6,AC06-1,Texas,HVAC TX 01,Enviado a MB,https://drive.google.com/file/d/1PQI4emjuNMzsiWXpzlLjN6UeV4OYFz3c/view?usp=drive_link,No funcionó,Yes,STATE COOL - TX,
6,AC06-2,Texas,"HVAC SAN ANTONIO ",Enviado a MB,https://drive.google.com/file/d/1yU1LV17I6PmlsZVJo9kbiSnqrPl-oBx-/view?usp=drive_link,Trajo Leads,Yes,STATE COOL - TX,
6,AC06-3,Florida,HVAC Volt 01,Enviado a MB,https://drive.google.com/file/d/1MQm7vC1VsghJ_5DeBVNGZJCuKjYb81tI/view?usp=drive_link,No funcionó,Yes,VOLT - FL,
6,AC06-2.1,Texas,HVAC AUSTIN,Enviado a MB,https://drive.google.com/file/d/1uD6KbijO-iwu0IdVYWqq9xS5CTYxrEuf/view?usp=drive_link,Trajo 2 leads,Yes,STATE COOL - TX,
6,AC06-4,California,HVAC 08 CA,Enviado a MB,https://drive.google.com/file/d/1RzjFahcUI4K_DawUURq-nSeuKY9QdT-t/view?usp=drive_link,Trajo Leads,Yes,California,
6,AC06-5,Texas,HVAC TX 02,Enviado a MB,https://drive.google.com/file/d/1W5cgQLjjAGQJMJWbU7SuD59o_peWKNes/view?usp=drive_link,Trajo 2 leads,Yes,STATE COOL - TX,
6,AC06-6,Florida,HVAC Volt 02,Enviado a MB,https://drive.google.com/file/d/11Fc4j6Z2hth682YxXRaJlnUoA4D_jjVK/view?usp=drive_link,,Yes,VOLT - FL,
6,AC06-7,Florida,HVAC Volt 03,Enviado a MB,https://drive.google.com/file/d/1g-Gub4zFg5qiWrhwFILzQQInIn1l2Kzw/view?usp=drive_link,Trajo 1 lead,Yes,VOLT - FL,
6,AC06-8,Texas,HVAC TX 03,Enviado a MB,https://drive.google.com/file/d/1Zt73A4cuffspsDqbss5agfqLrw9UQkyM/view?usp=drive_link,Trajo Leads,Yes,STATE COOL - TX,
6,AC06-9,Texas,HVAC TX 04,Enviado a MB,"https://drive.google.com/file/d/12UAQkwwChmJVd8GtWBeo7EIoGf6eyvxI/view?usp=drive_link ",Trajo Leads,Yes,STATE COOL - TX,
6,AC06-10,Las Vegas,HVAC LV 01,Enviado a MB,https://drive.google.com/file/d/1Z-hf98Ag_MTZBaPIQ54uBXA3ZYQkk5A3/view?usp=drive_link,No funcionó,Yes,DGS Home Improvement - LV,
6,AC06-11,Las Vegas,HVAC LV 02,Enviado a MB,https://drive.google.com/file/d/1vNNpr37LRVAfWb9w8CiKQEpfkC1pzpO2/view?usp=drive_link,Trajo Leads,Yes,DGS Home Improvement - LV,
6,AC06-12,USA,HVAC VENDEDORES MIX X3,Enviado a MB,https://drive.google.com/file/d/1OztKaCSfgnsMDMVieS0GJVp9HUrDZoSo/view?usp=drive_link,,No,SBC,
6,AC06-13,USA,PODCAST MIX 2.0,Enviado a MB,https://drive.google.com/file/d/1jV2-bcu_fhyHoPccKFL43MYH6rR9EGFY/view?usp=drive_link,,No,SBC,
6,AC06-14,Texas,HVAC TX 05,Enviado a MB,https://drive.google.com/file/d/1B5zCThTsKYn8x6gOJTYXn_-54eW4Nrp7/view?usp=drive_link,Trajo Leads,Yes,STATE COOL - TX,
6,AC06-15,Florida,HVAC Volt 04,Enviado a MB,https://drive.google.com/file/d/1UchjYpFnqvoOJpPSUX3-xkEdU_hrwp-B/view?usp=drive_link,No funcionó,Yes,VOLT - FL,
6,AC06-16,California,HVAC 09 CA,Enviado a MB,https://drive.google.com/file/d/1V5_hLSm8Lc7I9tBM2kuJMMjsWaCC0j5P/view?usp=drive_link,No funcionó,Yes,California,
6,AC06-17,Texas,Houston HVAC 1,Enviado a MB,https://drive.google.com/file/d/18dXCmctL9YR6Pev9c5kj7fV69hMWDHiz/view?usp=drive_link,Trajo 1 lead,Yes,AIR-32,
6,AC06-18,Texas,HOME IMP SYS 01,Enviado a MB,https://drive.google.com/file/d/1F_D8jqbU_RJuvQG24vArQbG6JbkA3RED/view?usp=drive_link,,No,HOME IMP SYS - DALLAS,
6,AC06-19,Las Vegas,DGS HOME LV 03,Enviado a MB,https://drive.google.com/file/d/140OPpwmedU2Pb9EQctxBV5K0nAAaTJJv/view?usp=drive_link,,No,DGS Home Improvement - LV,
6,AC06-20,Texas,HOME IMP SYS 02,Enviado a MB,https://drive.google.com/file/d/1ejebVtUwh9f1-GJbmhUQNvFsWSab-X9L/view?usp=drive_link,Trajo Citas,Yes,HOME IMP SYS-DALLAS TX,
6,AC06-21,Texas,AIR-32 02,Enviado a MB,https://drive.google.com/file/d/1H_nxmJRfoCqHJjvgZa42yI1Re0yKTQvg/view?usp=drive_link,Trajo Leads,Yes,AIR-32 - HOUSTON TX,
6,AC06-22,Texas,Dad And Son 01,Enviado a MB,https://drive.google.com/file/d/157OtmNV4KcfvZgBMntcCuB7y2J9KMsmx/view?usp=drive_link,,No,"DAD AND SON - AUSTIN TX ",
6,AC06-23,Texas,LDR 01,Enviado a MB,https://drive.google.com/file/d/1rUlr8Vx9F3FYLfgfjoAb9N3H3G6F5hcQ/view?usp=drive_link,,No,Luis Del Río - DALLAS TX,
6,AC06-24,Texas,Texas General,Enviado a MB,"https://drive.google.com/file/d/1vN5HJzBxeR3nLFLV4sO3Wgya5Xh_blfI/view?usp=drive_link ",,No,Cualquier región de TX,
6,AC06-25,USA,HVAC General 01,Enviado a MB,https://drive.google.com/file/d/1-YsCuZ5rfBEQi8dvNZEkv4Cllk81Str5/view?usp=drive_link,,No,Cualquier región de USA,
,,,,,,,No,,
6,AC06-26,Texas,STATE COOL 01,Enviado a MB,https://drive.google.com/file/d/1vuCxLbfMgmzzvO7pr63SxywpNPr95xvO/view?usp=drive_link,,No,STATE COOL - TX,
,,,,,,,No,,
6,AC06-27,USA,HVAC Podcast Mix 2.0,Enviado a MB,https://drive.google.com/file/d/1meLfsEalocPinvUvRnt3Q90lB0q1pVZO/view?usp=drive_link,,No,SBC,
6,AC06-28,Texas,AIR-32 03,Enviado a MB,https://drive.google.com/file/d/1jZ43GsLryqv8qLKEtn-NMhwpq8bl7iNL/view?usp=drive_link,No funcionó,Yes,AIR-32 - HOUSTON TX,
6,AC06-29,Florida,HVAC FL Central,Enviado a MB,"https://drive.google.com/file/d/1BsATtVyvAxBO34-4uZvqBtMsFeHsJruc/view?usp=drive_link ",,No,FL Central,
6,AC06-30,USA,HVAC General 02,Enviado a MB,https://drive.google.com/file/d/1S_Qam5WqbVNH98j7p4bTo7dZmXv-dKsl/view?usp=drive_link,,No,Cualquier región de USA,
6,AC06-31,Las Vegas,DGS HOME LV 04,Enviado a MB,https://drive.google.com/file/d/19-Ec-0vbqz5b67rdkp3dSeIQ5uJ7NE-X/view?usp=drive_link,,No,DGS Home Improvement - LV,
6,AC06-32,Texas,HOME IMP SYS 03,Enviado a MB,https://drive.google.com/file/d/1kiYO1f6i9Cakm9BGGsryBXLSC-tHNzZC/view?usp=drive_link,,No,HOME IMP SYS - DALLAS,
6,AC06-33,Texas,LDR 02,Enviado a MB,https://drive.google.com/file/d/1DK43cMVrsGhy9Y0r54gTSra2okk4qh4U/view?usp=drive_link,,No,Luis Del Río - DALLAS TX,
6,AC06-32.1,Texas,VAR. HOME IMP SYS 03,Enviado a MB,https://drive.google.com/file/d/11L5-cS-_VV_cbw5aDdu5RXwPKdsQTTvF/view?usp=drive_link,,No,HOME IMP SYS - DALLAS,
6,AC06-33.1,Texas,VAR. LDR 02,Enviado a MB,https://drive.google.com/file/d/1oNJCuf5uColey_SJLl7ZSPt-9XBpGB5t/view?usp=drive_link,,No,Luis Del Río - DALLAS TX,
7,AC07-1,USA,HVAC General 03,Enviado a MB,https://drive.google.com/file/d/16WAj4sio0L-uVlSQ3FSgVdpKtEeA46nQ/view?usp=drive_link,Trajo 2 leads,Yes,Cualquier región de USA,
7,AC07-2,USA,HVAC General 04,Enviado a MB,https://drive.google.com/file/d/1BjJgadexB0GYMUmSLjJVQH3FdKrVra2a/view?usp=drive_link,No funcionó,Yes,Cualquier región de USA,
7,AC07-3,USA,HVAC General INGLES 01,Enviado a MB,https://drive.google.com/file/d/1dliZeaCL0Duwk__1xOnuXg0iovwBRGml/view?usp=drive_link,No funcionó,Yes,Cualquier región de USA,
7,AC07-4,USA,HVAC General INGLES 02,Enviado a MB,https://drive.google.com/file/d/1o1d5cUh-sUwE2yDr_l9ZsjOiXGg45Z1n/view?usp=drive_link,No funcionó,Yes,Cualquier región de USA,
7,AC07-5,USA,HVAC General 05,Enviado a MB,https://drive.google.com/file/d/1Uv0trx45cm9sZ9OmfeGhNPjqsLTNnx5G/view?usp=drive_link,No funcionó,Yes,Cualquier región de USA,
7,AC07-6,USA,HVAC General 06,Enviado a MB,https://drive.google.com/file/d/1TlmnQPVaE8zOuOot5BQ2dinDc0DaZK5X/view?usp=drive_link,Trajo 2 leads,Yes,Cualquier región de USA,
7,AC07-7,USA,HVAC General 07,Enviado a MB,https://drive.google.com/file/d/1drpYSIHi3ACujuoOxFnHB9rdXX_cBX82/view?usp=drive_link,Trajo 2 leads,Yes,Cualquier región de USA,
7,AC07-8,Texas,AIR-32 04,Enviado a MB,https://drive.google.com/file/d/1BmRlG7ylxVsr5v0o5fIov5z0EjOAj0Sm/view?usp=drive_link,No funcionó,Yes,AIR-32 - HOUSTON TX,
7,AC07-8.1,Florida,HVAC FL General 01,Enviado a MB,https://drive.google.com/file/d/1LS49e7dkQj6IiHvznMw15qldcltNjJFk/view?usp=drive_link,No funcionó,Yes,Cualquier cliente de FL,
7,AC07-9,USA,HVAC General INGLES 03,Enviado a MB,https://drive.google.com/file/d/1Lwm1Mn12MI-HpAjuf24Wj4aDjfiUxW4x/view?usp=drive_link,Trajo 1 lead,Yes,Cualquier región de USA,
7,AC07-10,Texas,AIR-32 05,Enviado a MB,https://drive.google.com/file/d/1iPVLWhHuXlEqPP_a7qbb8PSaOjyM0Ppt/view?usp=drive_link,No funcionó,Yes,AIR-32 - HOUSTON TX,
7,AC07-11,Texas,AIR-32 06,Enviado a MB,https://drive.google.com/file/d/19gnqDmY3RRBIWpCZ2ZC9bclkNj6uedmV/view?usp=drive_link,Trajo Citas,Yes,AIR-32 - HOUSTON TX,
7,AC07-12,USA,HVAC General 08,Enviado a MB,https://drive.google.com/file/d/1CTl8iNNQfysM_BofcXHwZ4xccIGDztuy/view?usp=drive_link,No funcionó,Yes,Cualquier región de USA,
7,AC07-13,USA,HVAC General 09,Enviado a MB,https://drive.google.com/file/d/16I8LPD31wbdVlnewzePo9Q3GooEl3Gfe/view?usp=drive_link,Trajo 2 leads,Yes,Cualquier región de USA,
7,AC07-14,Texas,HVAC General TX - INFORMAL,Enviado a MB,https://drive.google.com/file/d/1ldRO9z-HbIbVBSAdSgI6vB6AKUY4Ynoc/view?usp=drive_link,Trajo Leads,Yes,Cualquier cliente de TX que ofrezca credito,
7,AC07-15,Texas,HVAC A&E 01,Enviado a MB,https://drive.google.com/file/d/1crRGVtttLZDgZGe9IgNZGaugwiZAXlkC/view?usp=drive_link,,Yes,A&E - HOUSTON TX - INGLES,
7,AC07-16,Texas,HVAC General TX - FORMAL,Enviado a MB,https://drive.google.com/file/d/1dwqfOythMomtQVyeti9h8hM1vV6c0g0W/view?usp=drive_link,Trajo Leads,Yes,Cualquier cliente de TX que ofrezca credito,
7,AC07-17,USA,HVAC General 10,Enviado a MB,https://drive.google.com/file/d/1etVwfAnJOFGR0NXxhdKkLU5nT5MO-VZh/view?usp=drive_link,Trajo 2 leads,Yes,Cualquier región de USA,
7,AC07-18,Florida,HVAC Volt 05,Enviado a MB,https://drive.google.com/file/d/1ns1jx_wfrEBGSgieKNyGUx71_u7H8Ln7/view?usp=drive_link,Trajo Leads,Yes,Volt - FL,
7,AC07-19,USA,HVAC Vendedores 01,Enviado a MB,https://drive.google.com/file/d/1jSYB9SlvAwGdvTwo6KJrX8j3L40hOazo/view?usp=drive_link,Trajo Leads,Yes,Para buscar Vendedores,
7,AC07-20,Texas,STATE COOL 02,Enviado a MB,https://drive.google.com/file/d/1B-BYyDuzUTyjNNaAYotaYwPwVaBofNYh/view?usp=drive_link,,No,STATE COOL - TX,
7,AC07-21,Texas,HVAC A&E 02,Enviado a MB,https://drive.google.com/file/d/1V8NRclt_8o3eV2tlfa3sL34KSt_RZ1ww/view?usp=drive_link,,No,A&E - HOUSTON TX - INGLES,
7,AC07-22,Texas,HVAC A&E 03,Enviado a MB,https://drive.google.com/file/d/1YryFemqdLsqS8dO_RtUyDgUrqb5GN-aA/view?usp=drive_link,Trajo Leads,Yes,A&E - HOUSTON TX - INGLES,
7,AC07-23,Texas,Dad And Son 02,Enviado a MB,https://drive.google.com/file/d/1loFfGbl51MmaZtvOroLc50iS8EC0_2BV/view?usp=drive_link,Trajo Leads,Yes,Dad And Son - Autin TX,
7,AC07-24,Florida,HVAC Volt 06,Enviado a MB,https://drive.google.com/file/d/1a9bpJXUXfRs78DtfkviOUGOhAehjocaW/view?usp=drive_link,,No,Volt - FL,
7,AC07-25,Florida,HVAC General 11,Enviado a MB,https://drive.google.com/file/d/1xQ57H5GWxJ8QUwGbbObHB30yifX7cjfb/view?usp=drive_link,,No,Cualquier región de USA,
7,AC07-26,Texas,STATE COOL 03,Enviado a MB,https://drive.google.com/file/d/1hKOApkA69xTGHJSwNaShT04666M6LBpx/view?usp=drive_link,,Yes,STATE COOL - TX,
7,AC07-27,USA,HVAC General 12,Enviado a MB,https://drive.google.com/file/d/10LazYMqaZAOTPEgMb0GoWLeL7pGrXq9H/view?usp=drive_link,,No,Cualquier región de USA,
7,AC07-28,Texas,HVAC A&E 04,Enviado a MB,https://drive.google.com/file/d/1WY_MXxlIAQiWrrBgP92Bq87ZTJYEFdZA/view?usp=drive_link,,Yes,A&E - HOUSTON TX - INGLES,
7,AC07-29,Texas,STATE COOL 04,Enviado a MB,https://drive.google.com/file/d/1bUypfdYYBEdNdnt_GJtkWlC_ED4zvw7b/view?usp=drive_link,,No,STATE COOL - TX,
7,AC07-30,USA,HVAC General 13,Enviado a MB,https://drive.google.com/file/d/12FJhfPdsB8g_PNLNL9QuIQekIrpC6WfR/view?usp=drive_link,No funcionó,Yes,Cualquier región de USA,
7,AC07-24.1,Florida,VAR. DIRECTO HVAC Volt 06,Enviado a MB,https://drive.google.com/file/d/1n1N6MmVP3ot-Od0Jh7VXhtXDgR6QkfJT/view?usp=drive_link,,No,Volt - FL,
7,AC07-31,Texas,STATE COOL 05,Enviado a MB,https://drive.google.com/file/d/1FeGX_B_LryVMMnakYnWTOEjRM_5zx0Ml/view?usp=drive_link,,No,STATE COOL - TX,
7,AC07-32,Texas,GLOBAL AIR 01,Enviado a MB,https://drive.google.com/file/d/1x_Meuy-RWReykb1tkeQUAzMiKy8fBDk2/view?usp=drive_link,,No,GLOBAL AIR - HOUSTON TX,
7,AC07-33,Texas,GLOBAL AIR 02,Enviado a MB,https://drive.google.com/file/d/1f-Xq645R1lmj1tY3lGsf4yoPGziGi5V4/view?usp=drive_link,,No,GLOBAL AIR - HOUSTON TX,
7,AC07-34,USA,HVAC General 13,Enviado a MB,https://drive.google.com/file/d/1im-yDa0Eq-aKj23egKvaVbpOrkkWf4Hb/view?usp=drive_link,No funcionó,Yes,Cualquier región de USA,
7,AC07-35,Texas,AIR-32 07,Enviado a MB,https://drive.google.com/file/d/1Dn_6OwZAU5uL0QHt9WeL2ejH2im0j1_O/view?usp=drive_link,NO SE USA,No,AIR-32 - HOUSTON TX,
7,AC07-36,USA,HVAC Vendedores 02,Enviado a MB,https://drive.google.com/file/d/1I6YssTDuGwvQ4HsjIObBeZ40IrPvRgl3/view?usp=drive_link,,No,Para buscar Vendedores,
6,,,Huracan Beryl script,,,,No,,
7,AC07-36.1,USA,VAR. HVAC Vendedores 02,Enviado a MB,https://drive.google.com/file/d/1PtScvUvl1Akm6hvV6048PcnqoHWis7lL/view?usp=drive_link,,No,Para buscar Vendedores,
7,AC07-37,USA,HVAC General 14,Enviado a MB,https://drive.google.com/file/d/18HNk2rTvZS2DHAdFn3_LLUfVxTJDFH6H/view?usp=drive_link,No funcionó,Yes,Cualquier región de USA,
7,AC07-38,USA,HVAC General 15,Enviado a MB,"https://drive.google.com/file/d/1S3q8AkAn6Y5rFHqYHisYM__14i9FiZg_/view?usp=drive_link ",No funcionó,Yes,Cualquier región de USA,
7,AC07-39,Texas,HVAC A&E 05 Directo,Enviado a MB,https://drive.google.com/file/d/1VLNPXoZBvUbhVrmC6StgkUH2DMd2k4UH/view?usp=drive_link,,No,A&E - HOUSTON TX - INGLES,
7,AC07-40,USA,HVAC General 16,Enviado a MB,https://drive.google.com/file/d/1SELVCJ7uweELFwoQLL5G5P6_li_jZcCo/view?usp=drive_link,Trajo 1 lead,Yes,Cualquier región de USA,
7,AC07-41,Texas,GLOBAL AIR 03,Enviado a MB,https://drive.google.com/file/d/1defdhtA4TXYgd-fLfyuy6dix0ZMleWkG/view?usp=drive_link,No funcionó,Yes,GLOBAL AIR - HOUSTON TX,
7,AC07-42,USA,HVAC General 17,Enviado a MB,https://drive.google.com/file/d/1u4g_6ZTPi-W6wxZnad1tUgULSldzHfgR/view?usp=drive_link,,No,Cualquier región de USA,
7,AC07-43,Texas,GLOBAL AIR 04,Enviado a MB,https://drive.google.com/file/d/1cbFJf8P7BtltqTlxJoVaK0PK7UzjDZRk/view?usp=drive_link,,No,GLOBAL AIR - HOUSTON TX,
7,AC07-44,USA,HVAC A&E 06,Enviado a MB,https://drive.google.com/file/d/1U_KrUzp4qeYiXUZXK89Qlm3H197jR6Yz/view?usp=drive_link,Trajo Leads,Yes,A&E - HOUSTON TX - INGLES,
7,AC07-45,Texas,GLOBAL AIR 05,Enviado a MB,"https://drive.google.com/file/d/1ymHSado5-vcbksqObY3_mKVDdIu7Dot_/view?usp=drive_link ",,No,GLOBAL AIR - HOUSTON TX,
7,,,,,,,No,,
9,AC09-1E,Texas,AIR-32 18,VE- Revisión,https://drive.google.com/file/d/1oN3Gu2FxZWC0PBNvTgkVIxwQ2vhAJi30/view?usp=drive_link,,No,,
9,AC09-2E,Texas,AIR-32 19,VE- Revisión,https://drive.google.com/file/d/1SDgrE9u7D_m9WNtM6cBbpgs_1c_pR96r/view?usp=drive_link,,No,,
9,AC09-3E,Florida,HVAC Volt 08,VE- Revisión,https://drive.google.com/file/d/1SzfIWIrW-IKo1Iv4p8Q5uupwJ9W4q2pB/view?usp=drive_link,,No,,
9,AC09-5V,USA,GENERAL EFECTOS VARIADOS,VE- En Curso,https://drive.google.com/file/d/1DEmwme5xfNIp2KqH22i8QOMyPEQ6w35k/view?usp=sharing,,No,,
9,AC09-6V,USA,GENERAL EMPEZARON LAS LLUVIAS,VE- Revisión,https://drive.google.com/file/d/1DeHzS53qRU6n7QkKjb3yNKJgVtvoF670/view?usp=sharing\,,No,,
9,AC09-7E,Texas,Air-32 Oferta,VE- En Curso,,,No,,
9,AC09-8E,USA,HVAC General 22,VE- En Curso,,,No,,
9,AC09-9V,Texas,AIR 32  HOUSTON AIR SALE,CW- En Curso,https://drive.google.com/file/d/10SzRqA5RaF2vcEIfU-Pp3hyyqZOjQqjQ/view?usp=sharing,,No,,
9,AC09-10V,Texas,AIR 32  LIQUIDACION,CW- En Curso,https://drive.google.com/file/d/10q5Iang-bAVratbZJYN_OiBAidVDcaJZ/view?usp=sharing,,No,,
9,AC09-11V,Texas,AIR 32  SEPTIEMBRE ES MEJOR,CW- En Curso,https://drive.google.com/file/d/10H8nxmhQAA0YNsU54oq2OvI_-89PGpng/view?usp=sharing,,No,,
9,AC09-12E,Texas,AIR-32 20,VE- En Curso,,,No,,
9,AC09-13E,Texas,HVAC San Antonio 01,VE- En Curso,,,No,,